Timestamp,Network_Generation,Network_Slice,User_Count,Throughput_Mbps,Latency_ms,Packet_Loss_Rate
2026-01-07 00:00:00,4G,Mmtc (Massive Iot),713.8,167.70600000000002,257.18,1.3146666666666667
2026-01-07 00:15:00,3G,Mmtc (Massive Iot),876.8,98.67066666666666,199.3,7.884666666666667
2026-01-07 00:30:00,4G,Mmtc (Massive Iot),706.6666666666666,128.94666666666666,285.64,1.1866666666666668
2026-01-07 00:45:00,4G,Standard Data,807.8666666666667,184.43533333333335,257.37,7.928666666666667
2026-01-07 01:00:00,4G,Embb (High Speed),632.2,249.54733333333334,272.57,1.1653333333333333
2026-01-07 01:15:00,5G,Standard Data,782.0,244.59666666666666,268.78,14.592666666666668
2026-01-07 01:30:00,3G,Mmtc (Massive Iot),759.4,157.1906666666667,215.52,1.3066666666666669
2026-01-07 01:45:00,3G,Mmtc (Massive Iot),757.6,175.33599999999998,156.16,1.5706666666666667
2026-01-07 02:00:00,5G,Embb (High Speed),915.0714285714286,180.24142857142857,261.32,1.250714285714286
2026-01-07 02:15:00,5G,Embb (High Speed),844.7333333333333,178.54866666666666,275.03,1.5713333333333332
2026-01-07 02:30:00,4G,Mmtc (Massive Iot),865.0,238.51000000000002,99.55,1.1653333333333333
2026-01-07 02:45:00,2G,Mmtc (Massive Iot),752.3333333333334,134.96933333333334,247.04,0.9833333333333333
2026-01-07 03:00:00,3G,Standard Data,860.6666666666666,248.9633333333333,175.07,1.5946666666666665
2026-01-07 03:15:00,4G,Embb (High Speed),759.4666666666667,164.20133333333334,299.39,7.748666666666667
2026-01-07 03:30:00,3G,Standard Data,850.6,207.208,288.57,1.5006666666666668
2026-01-07 03:45:00,4G,Mmtc (Massive Iot),702.3333333333334,258.61600000000004,263.73,1.338666666666667
2026-01-07 04:00:00,3G,Standard Data,736.5,303.32571428571424,162.35,1.205
2026-01-07 04:15:00,4G,Urllc (Low Latency),750.4,244.41600000000003,295.15,1.2146666666666666
2026-01-07 04:30:00,4G,Standard Data,906.0,392.0153333333334,45.68,1.2593333333333334
2026-01-07 04:45:00,2G,Standard Data,778.8666666666667,140.882,293.16,1.5406666666666666
2026-01-07 05:00:00,4G,Standard Data,731.6666666666666,182.41933333333333,284.24,14.586000000000002
2026-01-07 05:15:00,5G,Urllc (Low Latency),745.6,223.046,75.38,7.654666666666667
2026-01-07 05:30:00,4G,Mmtc (Massive Iot),693.6666666666666,131.81866666666667,261.55,0.906
2026-01-07 05:45:00,4G,Embb (High Speed),836.3333333333334,100.23733333333332,283.82,1.4173333333333333
2026-01-07 06:00:00,5G,Standard Data,592.8666666666667,121.21333333333332,247.73,0.904
2026-01-07 06:15:00,4G,Mmtc (Massive Iot),479.14285714285717,255.95785714285716,250.19,1.3085714285714285
2026-01-07 06:30:00,3G,Standard Data,618.4,378.4373333333333,97.66,1.2433333333333332
2026-01-07 06:45:00,4G,Mmtc (Massive Iot),785.0666666666667,183.056,273.48,8.089333333333334
2026-01-07 07:00:00,4G,Embb (High Speed),794.2,238.54,265.66,1.236
2026-01-07 07:15:00,4G,Urllc (Low Latency),936.7333333333333,235.12066666666666,262.76,0.9193333333333334
2026-01-07 07:30:00,5G,Standard Data,606.1333333333333,142.998,260.85,1.4080000000000001
2026-01-07 07:45:00,5G,Embb (High Speed),880.1333333333333,305.33933333333334,229.91,1.1746666666666667
2026-01-07 08:00:00,4G,Embb (High Speed),681.7333333333333,206.03466666666665,268.53,1.5793333333333335
2026-01-07 08:15:00,4G,Standard Data,755.2142857142857,156.04142857142855,252.23,1.1821428571428572
2026-01-07 08:30:00,5G,Urllc (Low Latency),810.3333333333334,347.4893333333333,209.26,7.9093333333333335
2026-01-07 08:45:00,4G,Embb (High Speed),708.6666666666666,426.5066666666667,288.33,7.541333333333333
2026-01-07 09:00:00,5G,Urllc (Low Latency),633.6,146.00799999999998,96.28,1.2220000000000002
2026-01-07 09:15:00,5G,Mmtc (Massive Iot),717.0,206.89933333333332,289.97,1.2833333333333334
2026-01-07 09:30:00,4G,Standard Data,782.4,243.22733333333332,62.25,7.915333333333334
2026-01-07 09:45:00,5G,Mmtc (Massive Iot),659.2,164.07666666666668,161.93,1.4146666666666665
2026-01-07 10:00:00,4G,Urllc (Low Latency),739.8,46.80466666666667,273.5,1.3526666666666667
2026-01-07 10:15:00,5G,Embb (High Speed),719.5,216.24571428571429,209.57,8.402142857142858
2026-01-07 10:30:00,4G,Standard Data,744.3333333333334,188.828,298.36,1.014
2026-01-07 10:45:00,2G,Urllc (Low Latency),846.3333333333334,173.64,260.67,1.7193333333333334
2026-01-07 11:00:00,3G,Embb (High Speed),705.1333333333333,100.07333333333334,94.62,14.172666666666666
2026-01-07 11:15:00,3G,Mmtc (Massive Iot),820.5333333333333,307.1666666666667,169.87,7.682
2026-01-07 11:30:00,4G,Embb (High Speed),865.4,92.642,91.02,0.928
2026-01-07 11:45:00,4G,Standard Data,851.0,139.29066666666668,256.39,7.887333333333333
2026-01-07 12:00:00,5G,Standard Data,828.4,287.2426666666667,269.51,8.032
2026-01-07 12:15:00,3G,Urllc (Low Latency),760.5333333333333,229.11333333333334,93.02,7.516
2026-01-07 12:30:00,5G,Mmtc (Massive Iot),682.7142857142857,151.2057142857143,93.96,0.9142857142857144
2026-01-07 12:45:00,5G,Urllc (Low Latency),800.2666666666667,289.2573333333333,261.61,1.406
2026-01-07 13:00:00,5G,Embb (High Speed),886.6666666666666,234.744,87.49,1.2133333333333334
2026-01-07 13:15:00,5G,Urllc (Low Latency),807.8,248.93666666666667,159.0,7.451333333333333
2026-01-07 13:30:00,4G,Standard Data,727.6,300.076,235.84,1.764
2026-01-07 13:45:00,4G,Embb (High Speed),818.0666666666667,156.70066666666668,270.25,1.492
2026-01-07 14:00:00,4G,Urllc (Low Latency),870.6,175.56533333333334,282.79,1.3159999999999998
2026-01-07 14:15:00,4G,Urllc (Low Latency),860.2,117.78333333333333,237.21,7.898
2026-01-07 14:30:00,4G,Embb (High Speed),768.7857142857143,148.93142857142857,205.85,8.615714285714287
2026-01-07 14:45:00,2G,Mmtc (Massive Iot),818.9333333333333,125.24733333333333,283.94,1.3846666666666667
2026-01-07 15:00:00,4G,Embb (High Speed),911.1333333333333,108.576,274.82,7.864000000000001
2026-01-07 15:15:00,4G,Urllc (Low Latency),647.4666666666667,196.26066666666665,89.25,7.680666666666667
2026-01-07 15:30:00,5G,Embb (High Speed),873.6666666666666,143.064,228.34,1.4493333333333331
2026-01-07 15:45:00,3G,Urllc (Low Latency),690.7333333333333,171.60199999999998,238.21,8.096666666666668
2026-01-07 16:00:00,5G,Urllc (Low Latency),986.0,180.456,278.7,14.314666666666666
2026-01-07 16:15:00,4G,Urllc (Low Latency),842.7333333333333,182.08933333333334,237.23,7.764666666666667
2026-01-07 16:30:00,2G,Embb (High Speed),889.8,174.82666666666668,284.77,8.09
2026-01-07 16:45:00,5G,Mmtc (Massive Iot),855.7142857142857,255.71428571428572,98.33,1.4271428571428573
2026-01-07 17:00:00,5G,Embb (High Speed),826.2666666666667,329.91799999999995,214.18,14.440666666666667
2026-01-07 17:15:00,5G,Mmtc (Massive Iot),955.8,226.54733333333334,274.62,7.906000000000001
2026-01-07 17:30:00,4G,Urllc (Low Latency),702.4,244.44,195.04,0.896
2026-01-07 17:45:00,4G,Urllc (Low Latency),776.2666666666667,269.01466666666664,95.12,1.3306666666666667
2026-01-07 18:00:00,2G,Embb (High Speed),654.7333333333333,204.84466666666668,268.75,1.5006666666666666
2026-01-07 18:15:00,3G,Embb (High Speed),798.5333333333333,201.00933333333333,262.49,1.0833333333333333
2026-01-07 18:30:00,5G,Standard Data,591.8,108.05733333333333,184.76,8.108
2026-01-07 18:45:00,5G,Mmtc (Massive Iot),899.6428571428571,272.90142857142854,233.28,1.4849999999999999
2026-01-07 19:00:00,4G,Standard Data,720.8,234.266,258.26,1.038
2026-01-07 19:15:00,5G,Standard Data,750.7333333333333,397.9633333333333,274.5,1.4460000000000002
2026-01-07 19:30:00,3G,Standard Data,817.6,208.3433333333333,238.07,7.835333333333335
2026-01-07 19:45:00,5G,Standard Data,636.1333333333333,281.9486666666667,200.9,1.1433333333333333
2026-01-07 20:00:00,4G,Urllc (Low Latency),882.6,329.77666666666664,292.74,0.9860000000000001
2026-01-07 20:15:00,4G,Embb (High Speed),886.4,170.04333333333332,265.26,1.4466666666666665
2026-01-07 20:30:00,3G,Mmtc (Massive Iot),841.4,176.594,298.86,1.372
2026-01-07 20:45:00,5G,Standard Data,859.0,279.95285714285717,274.97,1.257142857142857
2026-01-07 21:00:00,5G,Urllc (Low Latency),777.1333333333333,102.66466666666666,298.88,1.1580000000000001
2026-01-07 21:15:00,2G,Standard Data,950.1333333333333,219.00666666666666,262.6,1.2966666666666666
2026-01-07 21:30:00,4G,Embb (High Speed),755.2,131.60333333333332,239.55,1.2773333333333334
2026-01-07 21:45:00,3G,Embb (High Speed),874.2,307.88533333333334,208.83,7.775333333333333
2026-01-07 22:00:00,2G,Standard Data,660.6666666666666,198.49200000000002,180.09,7.428666666666667
2026-01-07 22:15:00,4G,Urllc (Low Latency),751.6,197.44666666666666,245.38,0.9526666666666668
2026-01-07 22:30:00,4G,Standard Data,673.4666666666667,231.71466666666666,231.76,1.3053333333333335
2026-01-07 22:45:00,5G,Standard Data,758.6,257.04133333333334,75.19,7.914000000000001
2026-01-07 23:00:00,5G,Urllc (Low Latency),867.5714285714286,161.89642857142857,92.68,8.021428571428572
2026-01-07 23:15:00,4G,Urllc (Low Latency),863.3333333333334,103.13333333333334,221.72,1.278
2026-01-07 23:30:00,5G,Standard Data,669.6,204.05866666666668,286.69,7.886666666666668
2026-01-07 23:45:00,4G,Urllc (Low Latency),1045.8666666666666,198.53000000000003,273.48,14.443333333333333
2026-02-07 00:00:00,5G,Standard Data,828.1333333333333,106.334,285.71,1.0646666666666667
2026-02-07 00:15:00,5G,Embb (High Speed),720.0666666666667,275.01666666666665,267.25,7.936000000000001
2026-02-07 00:30:00,4G,Mmtc (Massive Iot),660.1333333333333,177.36599999999999,263.35,8.105333333333334
2026-02-07 00:45:00,4G,Mmtc (Massive Iot),755.1333333333333,193.34533333333331,280.61,7.666
2026-02-07 01:00:00,4G,Standard Data,793.2857142857143,74.995,290.46,15.227142857142857
2026-02-07 01:15:00,4G,Urllc (Low Latency),959.2666666666667,193.62266666666667,293.23,7.658666666666666
2026-02-07 01:30:00,3G,Embb (High Speed),756.0666666666667,159.598,190.01,1.2246666666666668
2026-02-07 01:45:00,4G,Embb (High Speed),816.2666666666667,177.364,74.62,1.1973333333333334
2026-02-07 02:00:00,2G,Urllc (Low Latency),866.1333333333333,290.76933333333335,290.07,1.3373333333333333
2026-02-07 02:15:00,4G,Embb (High Speed),979.1333333333333,105.17800000000001,275.4,1.4053333333333335
2026-02-07 02:30:00,4G,Urllc (Low Latency),623.4,193.38533333333334,83.09,14.430666666666667
2026-02-07 02:45:00,3G,Urllc (Low Latency),914.8666666666667,197.66533333333334,261.12,1.6173333333333333
2026-02-07 03:00:00,3G,Mmtc (Massive Iot),671.3333333333334,134.09866666666667,228.51,1.0546666666666666
2026-02-07 03:15:00,5G,Embb (High Speed),1112.5714285714287,226.89785714285716,290.7,1.127857142857143
2026-02-07 03:30:00,3G,Standard Data,951.3333333333334,351.79200000000003,298.45,7.512666666666666
2026-02-07 03:45:00,4G,Standard Data,607.2666666666667,244.19,296.85,8.132666666666667
2026-02-07 04:00:00,5G,Urllc (Low Latency),693.4666666666667,330.012,179.19,1.588
2026-02-07 04:15:00,4G,Embb (High Speed),717.8666666666667,138.33866666666665,288.11,1.4106666666666667
2026-02-07 04:30:00,3G,Mmtc (Massive Iot),608.1333333333333,144.488,150.9,1.4013333333333333
2026-02-07 04:45:00,5G,Embb (High Speed),789.2,122.95066666666666,281.3,8.005333333333333
2026-02-07 05:00:00,5G,Urllc (Low Latency),864.1333333333333,225.09333333333333,59.16,14.569333333333335
2026-02-07 05:15:00,5G,Standard Data,809.7857142857143,174.0292857142857,207.73,8.239285714285714
2026-02-07 05:30:00,5G,Urllc (Low Latency),759.7333333333333,192.376,250.85,1.5573333333333332
2026-02-07 05:45:00,5G,Mmtc (Massive Iot),691.4,298.85266666666666,172.79,8.352666666666668
2026-02-07 06:00:00,4G,Urllc (Low Latency),738.4666666666667,169.85066666666668,299.84,1.244
2026-02-07 06:15:00,5G,Mmtc (Massive Iot),731.3333333333334,116.886,262.45,7.742
2026-02-07 06:30:00,4G,Embb (High Speed),709.8,212.28466666666665,257.32,7.920000000000001
2026-02-07 06:45:00,4G,Standard Data,683.2,230.37800000000001,93.26,7.801333333333333
2026-02-07 07:00:00,3G,Standard Data,870.6666666666666,458.842,83.96,7.872
2026-02-07 07:15:00,4G,Standard Data,690.2142857142857,319.76642857142855,211.28,1.4507142857142858
2026-02-07 07:30:00,4G,Standard Data,677.6,191.67399999999998,196.76,1.5006666666666666
2026-02-07 07:45:00,2G,Mmtc (Massive Iot),651.6666666666666,191.24133333333333,275.45,1.0286666666666666
2026-02-07 08:00:00,3G,Standard Data,1004.0,275.40333333333336,91.77,7.601333333333334
2026-02-07 08:15:00,4G,Urllc (Low Latency),810.3333333333334,70.08733333333333,287.1,1.2873333333333332
2026-02-07 08:30:00,5G,Urllc (Low Latency),833.2,273.6886666666667,292.06,1.35
2026-02-07 08:45:00,2G,Standard Data,856.6,215.02333333333334,226.1,7.518666666666667
2026-02-07 09:00:00,4G,Standard Data,822.5333333333333,153.17533333333333,294.44,1.3406666666666667
2026-02-07 09:15:00,3G,Embb (High Speed),645.2,199.81266666666667,233.34,8.106666666666667
2026-02-07 09:30:00,4G,Embb (High Speed),802.5714285714286,176.79500000000002,291.5,1.5121428571428572
2026-02-07 09:45:00,4G,Mmtc (Massive Iot),573.4,243.7086666666667,287.26,7.755333333333334
2026-02-07 10:00:00,4G,Urllc (Low Latency),761.8666666666667,244.60866666666666,95.77,8.096666666666668
2026-02-07 10:15:00,4G,Mmtc (Massive Iot),962.8666666666667,172.35,276.88,8.104000000000001
2026-02-07 10:30:00,5G,Embb (High Speed),774.6666666666666,112.48333333333333,290.04,21.001333333333335
2026-02-07 10:45:00,4G,Embb (High Speed),782.4666666666667,366.60266666666666,249.81,0.9786666666666667
2026-02-07 11:00:00,4G,Mmtc (Massive Iot),575.2666666666667,159.072,96.01,0.8973333333333333
2026-02-07 11:15:00,4G,Embb (High Speed),727.2666666666667,241.96266666666668,91.53,1.4033333333333333
2026-02-07 11:30:00,4G,Mmtc (Massive Iot),838.8571428571429,203.88500000000002,259.28,1.1878571428571427
2026-02-07 11:45:00,5G,Embb (High Speed),848.8666666666667,260.69533333333334,255.33,1.194
2026-02-07 12:00:00,4G,Standard Data,923.6666666666666,152.89666666666668,72.42,1.0766666666666667
2026-02-07 12:15:00,4G,Mmtc (Massive Iot),787.0666666666667,196.38066666666666,208.83,14.397333333333334
2026-02-07 12:30:00,5G,Mmtc (Massive Iot),729.2,249.6146666666667,264.15,1.0706666666666667
2026-02-07 12:45:00,5G,Mmtc (Massive Iot),942.3333333333334,216.4453333333333,98.27,1.0
2026-02-07 13:00:00,2G,Standard Data,741.8,345.40933333333334,256.26,7.843333333333334
2026-02-07 13:15:00,5G,Embb (High Speed),709.8,182.75799999999998,228.89,1.326
2026-02-07 13:30:00,5G,Embb (High Speed),955.2666666666667,242.57466666666667,266.59,1.1566666666666667
2026-02-07 13:45:00,4G,Embb (High Speed),736.2857142857143,118.78,270.3,1.455
2026-02-07 14:00:00,5G,Standard Data,704.3333333333334,252.56,78.96,1.3126666666666664
2026-02-07 14:15:00,4G,Standard Data,942.6,70.83866666666667,298.93,1.5753333333333333
2026-02-07 14:30:00,3G,Urllc (Low Latency),849.3333333333334,125.124,277.64,1.2346666666666666
2026-02-07 14:45:00,4G,Mmtc (Massive Iot),688.8666666666667,248.71133333333333,98.2,1.4333333333333333
2026-02-07 15:00:00,4G,Mmtc (Massive Iot),895.7333333333333,110.28999999999999,275.37,0.9453333333333334
2026-02-07 15:15:00,4G,Mmtc (Massive Iot),693.0,180.10133333333334,242.6,7.98
2026-02-07 15:30:00,4G,Mmtc (Massive Iot),995.4,118.21399999999998,297.72,7.644000000000001
2026-02-07 15:45:00,4G,Urllc (Low Latency),916.8571428571429,204.19642857142858,44.61,1.0985714285714285
2026-02-07 16:00:00,5G,Urllc (Low Latency),944.9333333333333,226.61866666666668,84.2,0.85
2026-02-07 16:15:00,3G,Urllc (Low Latency),498.93333333333334,81.74600000000001,255.22,7.625333333333334
2026-02-07 16:30:00,3G,Urllc (Low Latency),898.1333333333333,150.38333333333333,272.32,1.3479999999999999
2026-02-07 16:45:00,3G,Embb (High Speed),782.7333333333333,327.76866666666666,91.17,7.868666666666667
2026-02-07 17:00:00,4G,Embb (High Speed),817.6,193.07266666666663,210.11,14.682
2026-02-07 17:15:00,4G,Embb (High Speed),665.4,119.71466666666667,187.73,1.314
2026-02-07 17:30:00,5G,Embb (High Speed),795.0666666666667,354.5186666666667,91.51,7.8340000000000005
2026-02-07 17:45:00,4G,Mmtc (Massive Iot),681.0,234.12714285714284,99.08,1.6099999999999999
2026-02-07 18:00:00,5G,Embb (High Speed),800.3333333333334,281.45866666666666,238.88,1.3306666666666667
2026-02-07 18:15:00,5G,Mmtc (Massive Iot),675.4666666666667,174.8,206.2,7.694
2026-02-07 18:30:00,4G,Mmtc (Massive Iot),712.5333333333333,276.0506666666667,173.68,1.2893333333333332
2026-02-07 18:45:00,4G,Mmtc (Massive Iot),781.4,133.19266666666667,282.42,1.4906666666666666
2026-02-07 19:00:00,5G,Urllc (Low Latency),809.4,189.46666666666667,216.19,0.9973333333333334
2026-02-07 19:15:00,4G,Urllc (Low Latency),894.7333333333333,226.0213333333333,219.71,1.3446666666666667
2026-02-07 19:30:00,5G,Standard Data,691.0,225.0393333333333,263.02,7.768000000000001
2026-02-07 19:45:00,4G,Standard Data,885.8666666666667,165.50733333333335,299.62,1.0273333333333334
2026-02-07 20:00:00,5G,Standard Data,707.0,297.45714285714286,262.4,1.4321428571428572
2026-02-07 20:15:00,5G,Mmtc (Massive Iot),751.0,346.2646666666667,261.19,7.510666666666666
2026-02-07 20:30:00,4G,Urllc (Low Latency),911.2,219.764,198.05,1.398
2026-02-07 20:45:00,4G,Embb (High Speed),964.0666666666667,171.0413333333333,169.81,1.5353333333333334
2026-02-07 21:00:00,4G,Standard Data,841.2666666666667,55.84866666666667,291.25,8.253333333333334
2026-02-07 21:15:00,5G,Urllc (Low Latency),716.4666666666667,186.54533333333333,246.67,1.3459999999999999
2026-02-07 21:30:00,4G,Standard Data,883.2666666666667,210.61066666666665,245.92,1.5093333333333334
2026-02-07 21:45:00,4G,Mmtc (Massive Iot),819.8666666666667,319.4146666666667,226.34,7.892666666666667
2026-02-07 22:00:00,2G,Standard Data,798.7142857142857,134.57142857142858,293.8,8.287142857142857
2026-02-07 22:15:00,4G,Mmtc (Massive Iot),686.5333333333333,114.76133333333334,206.63,7.548666666666667
2026-02-07 22:30:00,4G,Embb (High Speed),750.8666666666667,131.60266666666666,252.82,7.932
2026-02-07 22:45:00,5G,Urllc (Low Latency),695.6,268.5813333333333,293.23,1.2026666666666666
2026-02-07 23:00:00,5G,Embb (High Speed),937.6,343.8366666666667,92.45,1.1906666666666665
2026-02-07 23:15:00,3G,Mmtc (Massive Iot),770.2666666666667,210.35466666666667,187.02,1.32
2026-02-07 23:30:00,4G,Embb (High Speed),777.9333333333333,160.84266666666664,284.29,7.613333333333333
2026-02-07 23:45:00,5G,Embb (High Speed),830.3333333333334,196.69866666666667,178.96,0.9920000000000001
2026-03-07 00:00:00,2G,Embb (High Speed),878.2,239.28333333333333,167.28,7.898666666666667
2026-03-07 00:15:00,4G,Mmtc (Massive Iot),724.1428571428571,131.29857142857142,179.4,8.23
2026-03-07 00:30:00,4G,Embb (High Speed),716.0666666666667,306.352,152.79,1.3273333333333333
2026-03-07 00:45:00,2G,Standard Data,801.4666666666667,172.94266666666667,265.69,1.1273333333333333
2026-03-07 01:00:00,5G,Embb (High Speed),651.6,309.9433333333333,74.32,1.6153333333333333
2026-03-07 01:15:00,2G,Mmtc (Massive Iot),873.1333333333333,276.41066666666666,272.21,14.364666666666666
2026-03-07 01:30:00,4G,Standard Data,720.6666666666666,339.36466666666666,94.25,1.3553333333333333
2026-03-07 01:45:00,4G,Standard Data,712.0666666666667,254.98866666666666,285.85,14.318000000000001
2026-03-07 02:00:00,2G,Standard Data,617.6,311.25600000000003,285.62,1.6286666666666667
2026-03-07 02:15:00,4G,Embb (High Speed),668.0,177.79928571428573,95.68,8.497142857142858
2026-03-07 02:30:00,5G,Standard Data,708.8,234.35533333333333,284.36,8.035333333333334
2026-03-07 02:45:00,4G,Mmtc (Massive Iot),723.3333333333334,115.91000000000001,194.33,8.094
2026-03-07 03:00:00,4G,Mmtc (Massive Iot),753.2666666666667,230.20333333333332,153.27,7.838
2026-03-07 03:15:00,4G,Urllc (Low Latency),907.0,140.41133333333335,273.1,1.411333333333333
2026-03-07 03:30:00,2G,Urllc (Low Latency),612.4666666666667,259.78866666666664,171.19,0.9753333333333333
2026-03-07 03:45:00,5G,Embb (High Speed),980.2,247.9826666666667,230.8,7.858666666666667
2026-03-07 04:00:00,5G,Urllc (Low Latency),764.1333333333333,192.2086666666667,288.32,7.686000000000001
2026-03-07 04:15:00,3G,Embb (High Speed),749.3571428571429,157.85642857142855,297.33,8.375714285714286
2026-03-07 04:30:00,4G,Mmtc (Massive Iot),725.6666666666666,255.12333333333333,159.89,1.3906666666666667
2026-03-07 04:45:00,4G,Urllc (Low Latency),721.4,143.44266666666667,67.0,1.256
2026-03-07 05:00:00,4G,Urllc (Low Latency),843.6,179.39933333333335,277.57,1.356
2026-03-07 05:15:00,4G,Mmtc (Massive Iot),637.2,154.55866666666668,202.39,1.074
2026-03-07 05:30:00,4G,Mmtc (Massive Iot),846.9333333333333,296.692,60.31,1.2673333333333334
2026-03-07 05:45:00,4G,Standard Data,646.9333333333333,190.51533333333333,99.63,1.1073333333333333
2026-03-07 06:00:00,3G,Mmtc (Massive Iot),633.7333333333333,163.904,288.89,1.0486666666666666
2026-03-07 06:15:00,4G,Standard Data,728.2666666666667,129.44333333333333,166.73,1.4
2026-03-07 06:30:00,3G,Standard Data,753.5,69.98357142857142,99.1,8.293571428571429
2026-03-07 06:45:00,5G,Standard Data,947.7333333333333,141.52666666666667,244.58,1.2693333333333332
2026-03-07 07:00:00,5G,Urllc (Low Latency),833.7333333333333,266.6773333333333,222.24,7.701333333333334
2026-03-07 07:15:00,3G,Urllc (Low Latency),527.6,180.312,233.7,0.9213333333333333
2026-03-07 07:30:00,3G,Mmtc (Massive Iot),851.5333333333333,124.54466666666667,262.32,1.4273333333333333
2026-03-07 07:45:00,5G,Standard Data,751.1333333333333,215.44,285.05,7.833333333333333
2026-03-07 08:00:00,5G,Standard Data,941.9333333333333,238.79733333333334,95.35,0.9733333333333333
2026-03-07 08:15:00,3G,Urllc (Low Latency),949.4666666666667,184.506,234.42,1.4753333333333332
2026-03-07 08:30:00,5G,Embb (High Speed),772.0714285714286,203.87214285714285,94.76,1.0235714285714286
2026-03-07 08:45:00,2G,Standard Data,717.9333333333333,196.76733333333334,240.56,1.2393333333333334
2026-03-07 09:00:00,4G,Mmtc (Massive Iot),756.8666666666667,363.65333333333336,189.46,1.1253333333333333
2026-03-07 09:15:00,3G,Mmtc (Massive Iot),796.2,129.32466666666667,278.65,0.872
2026-03-07 09:30:00,2G,Standard Data,736.4666666666667,209.20933333333332,248.33,1.0286666666666666
2026-03-07 09:45:00,5G,Standard Data,749.4,236.734,213.99,1.5506666666666669
2026-03-07 10:00:00,4G,Mmtc (Massive Iot),908.0666666666667,109.79333333333332,98.06,1.5146666666666666
2026-03-07 10:15:00,5G,Embb (High Speed),856.4,241.448,233.12,7.636
2026-03-07 10:30:00,5G,Embb (High Speed),907.0,242.84,281.51,1.1173333333333335
2026-03-07 10:45:00,3G,Standard Data,922.7857142857143,206.32928571428573,298.46,8.123571428571429
2026-03-07 11:00:00,5G,Urllc (Low Latency),806.6,199.96666666666667,203.59,8.111333333333333
2026-03-07 11:15:00,5G,Standard Data,700.1333333333333,124.82466666666666,178.5,1.4400000000000002
2026-03-07 11:30:00,3G,Mmtc (Massive Iot),779.3333333333334,121.72133333333335,179.55,1.258
2026-03-07 11:45:00,4G,Urllc (Low Latency),689.2666666666667,236.79666666666665,202.58,1.2173333333333334
2026-03-07 12:00:00,5G,Embb (High Speed),762.4,265.29,74.03,1.5173333333333334
2026-03-07 12:15:00,5G,Mmtc (Massive Iot),742.8,168.10466666666667,75.04,1.3006666666666666
2026-03-07 12:30:00,3G,Urllc (Low Latency),834.6,196.0413333333333,273.29,1.1466666666666667
2026-03-07 12:45:00,5G,Mmtc (Massive Iot),829.4285714285714,342.92928571428575,224.01,1.250714285714286
2026-03-07 13:00:00,3G,Embb (High Speed),835.2666666666667,148.99666666666664,299.98,7.7379999999999995
2026-03-07 13:15:00,4G,Mmtc (Massive Iot),617.6666666666666,182.02266666666668,196.28,1.2266666666666666
2026-03-07 13:30:00,4G,Urllc (Low Latency),817.6666666666666,129.63066666666666,270.58,7.719333333333334
2026-03-07 13:45:00,3G,Urllc (Low Latency),875.8,163.868,259.53,1.6093333333333333
2026-03-07 14:00:00,4G,Mmtc (Massive Iot),823.2666666666667,236.99800000000002,254.92,1.288
2026-03-07 14:15:00,5G,Urllc (Low Latency),845.7333333333333,298.7286666666667,194.59,1.2106666666666668
2026-03-07 14:30:00,5G,Embb (High Speed),916.0666666666667,240.75133333333332,298.26,0.9646666666666666
2026-03-07 14:45:00,4G,Urllc (Low Latency),920.9285714285714,283.68928571428575,217.62,8.057857142857143
2026-03-07 15:00:00,5G,Standard Data,783.2666666666667,220.752,89.45,7.882666666666667
2026-03-07 15:15:00,4G,Standard Data,836.6666666666666,175.36933333333334,58.77,1.1653333333333333
2026-03-07 15:30:00,4G,Embb (High Speed),709.4666666666667,221.796,246.54,1.2046666666666668
2026-03-07 15:45:00,4G,Mmtc (Massive Iot),695.9333333333333,202.18866666666665,250.18,7.678000000000001
2026-03-07 16:00:00,4G,Mmtc (Massive Iot),766.0666666666667,187.96133333333333,96.5,14.378000000000002
2026-03-07 16:15:00,2G,Embb (High Speed),778.0666666666667,220.516,271.19,1.5613333333333335
2026-03-07 16:30:00,4G,Embb (High Speed),891.5333333333333,179.07933333333332,257.75,1.2206666666666666
2026-03-07 16:45:00,2G,Mmtc (Massive Iot),842.0666666666667,98.744,216.89,1.120666666666667
2026-03-07 17:00:00,4G,Standard Data,658.0,236.465,257.1,1.3335714285714284
2026-03-07 17:15:00,5G,Embb (High Speed),722.2666666666667,256.072,90.86,1.3406666666666667
2026-03-07 17:30:00,5G,Urllc (Low Latency),704.0666666666667,169.48933333333335,186.21,1.2446666666666668
2026-03-07 17:45:00,5G,Standard Data,788.1333333333333,365.9166666666667,267.65,27.654666666666667
2026-03-07 18:00:00,3G,Embb (High Speed),686.4,215.10199999999998,231.84,1.3013333333333332
2026-03-07 18:15:00,3G,Mmtc (Massive Iot),679.6666666666666,172.04533333333333,257.27,1.2313333333333332
2026-03-07 18:30:00,2G,Standard Data,815.6666666666666,135.606,282.88,1.2053333333333331
2026-03-07 18:45:00,4G,Embb (High Speed),737.0666666666667,257.062,232.03,7.794666666666667
2026-03-07 19:00:00,5G,Mmtc (Massive Iot),614.6428571428571,215.8114285714286,295.96,7.9385714285714295
2026-03-07 19:15:00,3G,Mmtc (Massive Iot),876.2,135.446,177.63,1.2233333333333334
2026-03-07 19:30:00,4G,Mmtc (Massive Iot),984.5333333333333,132.726,162.53,1.268
2026-03-07 19:45:00,5G,Mmtc (Massive Iot),819.5333333333333,263.046,69.94,8.12
2026-03-07 20:00:00,5G,Mmtc (Massive Iot),810.7333333333333,260.01866666666666,162.15,1.4086666666666665
2026-03-07 20:15:00,4G,Standard Data,954.8,152.28733333333332,78.24,1.356
2026-03-07 20:30:00,5G,Urllc (Low Latency),812.8666666666667,138.768,206.37,14.536000000000001
2026-03-07 20:45:00,5G,Embb (High Speed),801.7333333333333,107.07533333333332,272.6,7.408666666666667
2026-03-07 21:00:00,5G,Embb (High Speed),849.3333333333334,91.27399999999999,222.78,1.2646666666666666
2026-03-07 21:15:00,5G,Mmtc (Massive Iot),920.7142857142857,259.33785714285716,246.82,15.343571428571432
2026-03-07 21:30:00,4G,Mmtc (Massive Iot),686.4,184.28733333333332,205.4,7.792666666666666
2026-03-07 21:45:00,5G,Standard Data,813.6,202.29933333333332,223.83,1.2946666666666666
2026-03-07 22:00:00,2G,Standard Data,972.9333333333333,147.23266666666666,270.33,1.0466666666666666
2026-03-07 22:15:00,4G,Urllc (Low Latency),743.3333333333334,192.56733333333335,192.82,1.2133333333333334
2026-03-07 22:30:00,4G,Urllc (Low Latency),712.6666666666666,102.85733333333333,288.34,1.2653333333333334
2026-03-07 22:45:00,4G,Standard Data,697.8,198.44266666666667,219.79,8.154666666666666
2026-03-07 23:00:00,4G,Urllc (Low Latency),876.9333333333333,265.74399999999997,231.99,7.544666666666667
2026-03-07 23:15:00,5G,Urllc (Low Latency),726.0714285714286,186.48714285714286,289.71,1.2957142857142858
2026-03-07 23:30:00,5G,Embb (High Speed),723.0666666666667,216.204,239.28,1.0673333333333335
2026-03-07 23:45:00,5G,Mmtc (Massive Iot),906.4666666666667,80.28533333333333,256.16,1.058
2026-04-07 00:00:00,5G,Embb (High Speed),953.6666666666666,140.304,239.72,7.578666666666667
2026-04-07 00:15:00,5G,Standard Data,859.6,304.41866666666664,187.57,1.3533333333333333
2026-04-07 00:30:00,5G,Urllc (Low Latency),662.0,260.90666666666664,244.3,1.2659999999999998
2026-04-07 00:45:00,3G,Standard Data,745.6,125.02399999999999,276.68,7.961333333333333
2026-04-07 01:00:00,5G,Standard Data,703.2,151.96133333333333,169.73,7.721333333333334
2026-04-07 01:15:00,4G,Embb (High Speed),650.2857142857143,56.76357142857143,253.79,8.272142857142857
2026-04-07 01:30:00,4G,Mmtc (Massive Iot),913.8666666666667,137.35,274.76,1.2486666666666666
2026-04-07 01:45:00,3G,Urllc (Low Latency),846.7333333333333,151.572,177.37,7.718666666666667
2026-04-07 02:00:00,4G,Embb (High Speed),847.1333333333333,101.80066666666667,247.24,1.2806666666666666
2026-04-07 02:15:00,2G,Mmtc (Massive Iot),678.7333333333333,230.95266666666666,284.83,1.2533333333333334
2026-04-07 02:30:00,4G,Urllc (Low Latency),719.3333333333334,236.58733333333333,87.77,1.3599999999999999
2026-04-07 02:45:00,4G,Mmtc (Massive Iot),886.4,230.07466666666667,253.51,14.539333333333335
2026-04-07 03:00:00,4G,Embb (High Speed),810.8666666666667,223.148,85.01,1.314
2026-04-07 03:15:00,3G,Urllc (Low Latency),816.0666666666667,158.39399999999998,201.38,0.994
2026-04-07 03:30:00,4G,Mmtc (Massive Iot),732.9285714285714,73.66,254.51,8.142857142857142
2026-04-07 03:45:00,5G,Embb (High Speed),861.0,176.564,289.52,1.1853333333333333
2026-04-07 04:00:00,5G,Urllc (Low Latency),623.0666666666667,213.262,260.59,7.691333333333334
2026-04-07 04:15:00,2G,Urllc (Low Latency),792.1333333333333,192.3826666666667,258.77,1.0799999999999998
2026-04-07 04:30:00,4G,Standard Data,897.6,235.16666666666666,288.64,7.844
2026-04-07 04:45:00,5G,Standard Data,753.4,303.314,86.77,7.822
2026-04-07 05:00:00,4G,Embb (High Speed),927.6666666666666,122.70066666666666,53.13,1.3693333333333333
2026-04-07 05:15:00,4G,Embb (High Speed),752.3333333333334,306.9386666666667,288.25,1.052
2026-04-07 05:30:00,3G,Embb (High Speed),614.4285714285714,203.64357142857145,67.47,1.5935714285714284
2026-04-07 05:45:00,4G,Embb (High Speed),1004.1333333333333,306.1566666666667,95.16,7.851333333333334
2026-04-07 06:00:00,3G,Embb (High Speed),852.1333333333333,173.49066666666667,163.93,1.1953333333333334
2026-04-07 06:15:00,3G,Embb (High Speed),779.4666666666667,233.74200000000002,93.81,7.835333333333334
2026-04-07 06:30:00,3G,Standard Data,900.1333333333333,169.95600000000002,297.75,1.0566666666666666
2026-04-07 06:45:00,4G,Mmtc (Massive Iot),620.4666666666667,142.26933333333332,264.46,1.492
2026-04-07 07:00:00,4G,Mmtc (Massive Iot),811.8,233.964,98.58,1.3646666666666667
2026-04-07 07:15:00,4G,Standard Data,805.9333333333333,122.80666666666666,280.21,1.3633333333333333
2026-04-07 07:30:00,5G,Embb (High Speed),867.8666666666667,113.21733333333334,255.46,1.246
2026-04-07 07:45:00,4G,Standard Data,848.5,257.8285714285714,176.59,1.4085714285714286
2026-04-07 08:00:00,5G,Urllc (Low Latency),631.8666666666667,286.90066666666667,206.03,1.47
2026-04-07 08:15:00,4G,Standard Data,849.5333333333333,183.73999999999998,233.61,7.940666666666667
2026-04-07 08:30:00,2G,Mmtc (Massive Iot),1042.0666666666666,177.558,277.82,0.9993333333333333
2026-04-07 08:45:00,5G,Urllc (Low Latency),644.4666666666667,302.87066666666664,265.35,1.0526666666666666
2026-04-07 09:00:00,4G,Mmtc (Massive Iot),791.4666666666667,176.2133333333333,226.65,7.718666666666667
2026-04-07 09:15:00,4G,Urllc (Low Latency),714.0666666666667,176.786,244.44,1.5273333333333334
2026-04-07 09:30:00,5G,Embb (High Speed),776.8,198.30733333333333,278.16,8.040000000000001
2026-04-07 09:45:00,3G,Embb (High Speed),776.8571428571429,120.21428571428571,95.58,1.457142857142857
2026-04-07 10:00:00,4G,Standard Data,646.3333333333334,58.01133333333334,287.24,1.5326666666666666
2026-04-07 10:15:00,3G,Mmtc (Massive Iot),762.2666666666667,227.352,295.45,1.3333333333333333
2026-04-07 10:30:00,4G,Standard Data,748.6,274.1446666666667,186.86,8.013333333333334
2026-04-07 10:45:00,4G,Urllc (Low Latency),958.2,236.75199999999998,84.91,1.162
2026-04-07 11:00:00,4G,Urllc (Low Latency),713.5333333333333,305.26866666666666,276.61,1.3006666666666666
2026-04-07 11:15:00,4G,Standard Data,993.6,258.87466666666666,87.67,7.690666666666667
2026-04-07 11:30:00,5G,Urllc (Low Latency),706.4666666666667,157.13733333333332,269.64,1.4273333333333333
2026-04-07 11:45:00,5G,Urllc (Low Latency),454.07142857142856,217.9335714285714,220.6,8.164285714285715
2026-04-07 12:00:00,4G,Mmtc (Massive Iot),439.6,245.63666666666666,197.66,7.672000000000001
2026-04-07 12:15:00,3G,Urllc (Low Latency),798.7333333333333,241.57999999999998,265.66,7.965333333333334
2026-04-07 12:30:00,4G,Urllc (Low Latency),763.9333333333333,238.93933333333334,98.29,1.4546666666666668
2026-04-07 12:45:00,4G,Mmtc (Massive Iot),973.4,112.05866666666665,201.45,7.774
2026-04-07 13:00:00,5G,Standard Data,662.1333333333333,281.7753333333333,276.37,1.2233333333333334
2026-04-07 13:15:00,4G,Embb (High Speed),1015.7333333333333,85.75666666666667,255.42,1.256
2026-04-07 13:30:00,2G,Embb (High Speed),771.6,102.69666666666667,286.57,1.4519999999999997
2026-04-07 13:45:00,3G,Mmtc (Massive Iot),864.0,220.362,176.13,7.947333333333333
2026-04-07 14:00:00,4G,Urllc (Low Latency),773.7857142857143,208.21714285714285,275.46,1.2478571428571428
2026-04-07 14:15:00,5G,Embb (High Speed),639.2,267.688,250.21,1.1126666666666667
2026-04-07 14:30:00,3G,Embb (High Speed),935.6666666666666,150.442,204.29,7.762
2026-04-07 14:45:00,3G,Standard Data,826.8,104.58999999999999,283.7,1.1266666666666665
2026-04-07 15:00:00,5G,Embb (High Speed),724.4666666666667,469.1513333333333,51.15,1.2066666666666668
2026-04-07 15:15:00,3G,Standard Data,768.5333333333333,243.88533333333334,197.33,1.2306666666666668
2026-04-07 15:30:00,3G,Embb (High Speed),632.8,166.98066666666668,207.45,1.3733333333333335
2026-04-07 15:45:00,4G,Standard Data,578.6666666666666,148.4453333333333,247.29,1.3459999999999999
2026-04-07 16:00:00,4G,Standard Data,568.2857142857143,268.055,40.99,8.04857142857143
2026-04-07 16:15:00,2G,Urllc (Low Latency),1017.0,188.94933333333333,290.51,7.946000000000001
2026-04-07 16:30:00,5G,Standard Data,908.6666666666666,198.13000000000002,91.99,7.913333333333333
2026-04-07 16:45:00,5G,Standard Data,786.8666666666667,272.7593333333333,295.85,1.498
2026-04-07 17:00:00,4G,Standard Data,782.4,235.27933333333334,280.65,1.0273333333333334
2026-04-07 17:15:00,5G,Embb (High Speed),735.8,115.222,277.71,1.2093333333333334
2026-04-07 17:30:00,4G,Embb (High Speed),694.6666666666666,161.632,260.1,1.1506666666666667
2026-04-07 17:45:00,3G,Mmtc (Massive Iot),796.6666666666666,239.58466666666666,216.64,0.9299999999999999
2026-04-07 18:00:00,5G,Urllc (Low Latency),735.6666666666666,227.41600000000003,82.71,1.082
2026-04-07 18:15:00,5G,Mmtc (Massive Iot),549.8571428571429,133.445,165.47,1.2185714285714284
2026-04-07 18:30:00,5G,Embb (High Speed),812.8,272.2266666666667,262.48,1.0866666666666667
2026-04-07 18:45:00,5G,Mmtc (Massive Iot),815.9333333333333,166.73866666666666,281.67,1.1893333333333334
2026-04-07 19:00:00,4G,Standard Data,738.0666666666667,186.96133333333333,194.31,1.0373333333333332
2026-04-07 19:15:00,4G,Mmtc (Massive Iot),625.7333333333333,160.97400000000002,262.36,8.046
2026-04-07 19:30:00,4G,Embb (High Speed),770.8,167.67666666666668,82.69,7.901333333333333
2026-04-07 19:45:00,2G,Mmtc (Massive Iot),660.5333333333333,190.51933333333332,248.17,7.966
2026-04-07 20:00:00,4G,Embb (High Speed),770.2666666666667,307.4533333333333,98.74,0.9873333333333334
2026-04-07 20:15:00,4G,Standard Data,839.8571428571429,112.38142857142857,191.32,1.1128571428571428
2026-04-07 20:30:00,4G,Mmtc (Massive Iot),815.0666666666667,256.41200000000003,92.42,1.4346666666666665
2026-04-07 20:45:00,4G,Standard Data,794.4,62.22666666666667,264.31,7.691333333333334
2026-04-07 21:00:00,3G,Embb (High Speed),725.0666666666667,179.09133333333332,191.17,1.27
2026-04-07 21:15:00,4G,Urllc (Low Latency),867.6666666666666,204.07000000000002,210.3,7.706666666666667
2026-04-07 21:30:00,4G,Standard Data,821.5333333333333,286.858,287.83,1.6353333333333333
2026-04-07 21:45:00,4G,Embb (High Speed),857.7333333333333,227.85866666666666,262.82,1.2113333333333334
2026-04-07 22:00:00,4G,Mmtc (Massive Iot),779.8666666666667,136.99866666666668,243.88,1.1
2026-04-07 22:15:00,4G,Mmtc (Massive Iot),968.8571428571429,287.35785714285714,276.8,1.45
2026-04-07 22:30:00,5G,Standard Data,898.8,199.92466666666667,298.63,7.658666666666667
2026-04-07 22:45:00,4G,Urllc (Low Latency),899.0,170.19133333333332,290.02,1.4839999999999998
2026-04-07 23:00:00,3G,Standard Data,923.2666666666667,216.746,174.0,8.278
2026-04-07 23:15:00,5G,Mmtc (Massive Iot),595.0,149.97866666666667,154.31,1.1286666666666667
2026-04-07 23:30:00,5G,Standard Data,637.5333333333333,221.12933333333334,96.37,1.2866666666666666
2026-04-07 23:45:00,4G,Embb (High Speed),820.3333333333334,249.06199999999998,92.64,1.2433333333333332
2026-05-07 00:00:00,4G,Urllc (Low Latency),750.9333333333333,71.73,204.27,14.286000000000001
2026-05-07 00:15:00,5G,Standard Data,931.2666666666667,144.45933333333332,265.21,0.97
2026-05-07 00:30:00,4G,Embb (High Speed),728.7857142857143,235.19071428571428,99.34,1.2735714285714288
2026-05-07 00:45:00,4G,Standard Data,942.0,262.846,263.96,1.2673333333333332
2026-05-07 01:00:00,2G,Mmtc (Massive Iot),547.5333333333333,144.44,244.09,1.3186666666666667
2026-05-07 01:15:00,3G,Mmtc (Massive Iot),797.8,309.362,88.18,7.656000000000001
2026-05-07 01:30:00,4G,Mmtc (Massive Iot),715.0,174.74733333333333,271.87,1.7193333333333334
2026-05-07 01:45:00,4G,Standard Data,722.8666666666667,215.25466666666668,232.72,1.398
2026-05-07 02:00:00,5G,Mmtc (Massive Iot),896.1333333333333,144.08399999999997,250.91,1.406
2026-05-07 02:15:00,4G,Standard Data,734.0,158.58533333333335,255.66,1.3166666666666667
2026-05-07 02:30:00,5G,Mmtc (Massive Iot),483.2142857142857,219.31071428571428,84.17,8.054285714285715
2026-05-07 02:45:00,4G,Embb (High Speed),820.6,180.092,81.9,7.991333333333333
2026-05-07 03:00:00,3G,Urllc (Low Latency),650.6666666666666,140.38466666666667,291.86,8.191333333333334
2026-05-07 03:15:00,3G,Mmtc (Massive Iot),977.6666666666666,118.32866666666668,189.32,7.924000000000001
2026-05-07 03:30:00,4G,Standard Data,824.6,181.266,154.35,0.9826666666666667
2026-05-07 03:45:00,3G,Mmtc (Massive Iot),860.8666666666667,234.24066666666667,297.94,14.216666666666667
2026-05-07 04:00:00,4G,Embb (High Speed),848.3333333333334,284.15333333333336,268.82,7.5600000000000005
2026-05-07 04:15:00,5G,Embb (High Speed),680.6,324.82466666666664,231.58,1.48
2026-05-07 04:30:00,2G,Urllc (Low Latency),909.3333333333334,121.30266666666667,276.55,1.3099999999999998
2026-05-07 04:45:00,4G,Standard Data,736.4285714285714,237.7657142857143,150.88,8.681428571428572
2026-05-07 05:00:00,5G,Standard Data,863.4666666666667,157.89399999999998,259.44,1.4013333333333333
2026-05-07 05:15:00,3G,Standard Data,637.6666666666666,158.26466666666664,97.92,1.622
2026-05-07 05:30:00,4G,Urllc (Low Latency),825.7333333333333,259.0846666666667,66.27,14.536666666666667
2026-05-07 05:45:00,4G,Mmtc (Massive Iot),784.3333333333334,174.478,93.24,1.15
2026-05-07 06:00:00,3G,Standard Data,745.7333333333333,117.404,289.21,7.7973333333333334
2026-05-07 06:15:00,3G,Standard Data,854.5333333333333,174.506,245.38,1.22
2026-05-07 06:30:00,4G,Mmtc (Massive Iot),758.3333333333334,264.54,158.16,7.877333333333334
2026-05-07 06:45:00,5G,Embb (High Speed),824.3571428571429,156.73142857142855,246.89,1.3635714285714287
2026-05-07 07:00:00,5G,Mmtc (Massive Iot),689.1333333333333,271.75333333333333,254.41,7.855333333333333
2026-05-07 07:15:00,4G,Standard Data,938.1333333333333,186.77266666666668,247.09,1.6766666666666665
2026-05-07 07:30:00,4G,Urllc (Low Latency),818.0666666666667,108.70466666666667,261.47,1.212
2026-05-07 07:45:00,4G,Urllc (Low Latency),815.4666666666667,220.23133333333334,222.55,7.594
2026-05-07 08:00:00,4G,Urllc (Low Latency),719.5333333333333,235.83933333333334,273.69,7.412000000000001
2026-05-07 08:15:00,4G,Mmtc (Massive Iot),824.9333333333333,116.76866666666666,268.16,1.074
2026-05-07 08:30:00,5G,Urllc (Low Latency),895.6666666666666,170.49866666666668,99.46,1.3546666666666667
2026-05-07 08:45:00,4G,Standard Data,870.1428571428571,229.695,296.48,1.1192857142857144
2026-05-07 09:00:00,4G,Mmtc (Massive Iot),726.2666666666667,243.61266666666668,220.82,8.012666666666668
2026-05-07 09:15:00,4G,Urllc (Low Latency),868.6666666666666,148.07333333333332,206.71,8.170666666666667
2026-05-07 09:30:00,5G,Mmtc (Massive Iot),917.7333333333333,341.59599999999995,94.88,1.2573333333333332
2026-05-07 09:45:00,5G,Standard Data,835.4666666666667,191.578,261.67,1.1853333333333333
2026-05-07 10:00:00,4G,Urllc (Low Latency),1008.9333333333333,148.704,262.87,1.1146666666666667
2026-05-07 10:15:00,3G,Mmtc (Massive Iot),768.7333333333333,135.812,210.21,1.27
2026-05-07 10:30:00,3G,Urllc (Low Latency),557.1333333333333,165.02733333333333,262.53,8.065333333333333
2026-05-07 10:45:00,5G,Mmtc (Massive Iot),690.9333333333333,151.04933333333332,275.76,1.18
2026-05-07 11:00:00,4G,Embb (High Speed),678.3571428571429,260.0621428571429,256.05,0.6657142857142857
2026-05-07 11:15:00,4G,Standard Data,860.9333333333333,196.30533333333332,150.21,7.744666666666666
2026-05-07 11:30:00,5G,Embb (High Speed),785.6666666666666,230.40733333333336,197.11,0.9393333333333334
2026-05-07 11:45:00,3G,Urllc (Low Latency),695.0666666666667,175.482,210.47,7.844666666666667
2026-05-07 12:00:00,4G,Urllc (Low Latency),886.9333333333333,226.76333333333332,284.55,1.0986666666666667
2026-05-07 12:15:00,4G,Urllc (Low Latency),745.5333333333333,160.27533333333335,194.63,7.4126666666666665
2026-05-07 12:30:00,4G,Standard Data,854.5333333333333,255.28,288.32,7.912000000000001
2026-05-07 12:45:00,5G,Embb (High Speed),732.0,174.20933333333332,195.42,14.462
2026-05-07 13:00:00,5G,Embb (High Speed),727.2142857142857,163.95714285714286,233.01,1.364285714285714
2026-05-07 13:15:00,2G,Mmtc (Massive Iot),826.6,370.73266666666666,193.38,7.983333333333333
2026-05-07 13:30:00,5G,Standard Data,714.0,272.6766666666667,222.03,1.5293333333333334
2026-05-07 13:45:00,2G,Mmtc (Massive Iot),813.0,151.1173333333333,216.86,7.840000000000001
2026-05-07 14:00:00,3G,Urllc (Low Latency),806.8666666666667,242.27266666666668,298.83,1.148
2026-05-07 14:15:00,4G,Embb (High Speed),814.8666666666667,146.052,265.19,7.658
2026-05-07 14:30:00,4G,Urllc (Low Latency),861.8,212.20266666666666,298.38,1.224
2026-05-07 14:45:00,5G,Mmtc (Massive Iot),963.1333333333333,139.23666666666668,88.08,1.3159999999999998
2026-05-07 15:00:00,5G,Mmtc (Massive Iot),639.3333333333334,190.46066666666667,250.62,1.2933333333333332
2026-05-07 15:15:00,4G,Embb (High Speed),705.5,158.30642857142857,73.83,1.1178571428571429
2026-05-07 15:30:00,4G,Urllc (Low Latency),640.7333333333333,266.224,264.94,7.906666666666667
2026-05-07 15:45:00,4G,Mmtc (Massive Iot),821.5333333333333,203.29,99.5,1.3666666666666667
2026-05-07 16:00:00,5G,Embb (High Speed),828.0666666666667,172.27,273.02,1.2206666666666666
2026-05-07 16:15:00,5G,Urllc (Low Latency),629.8,185.278,290.07,0.8726666666666667
2026-05-07 16:30:00,4G,Standard Data,759.7333333333333,149.64133333333334,265.7,7.464
2026-05-07 16:45:00,5G,Standard Data,693.3333333333334,230.13333333333333,187.73,8.017333333333333
2026-05-07 17:00:00,2G,Standard Data,969.0,213.87800000000001,248.39,1.46
2026-05-07 17:15:00,4G,Standard Data,655.3571428571429,125.22285714285715,280.26,7.9557142857142855
2026-05-07 17:30:00,5G,Embb (High Speed),720.0,260.22999999999996,96.43,1.2633333333333332
2026-05-07 17:45:00,5G,Embb (High Speed),994.2666666666667,213.23866666666666,258.89,1.6993333333333334
2026-05-07 18:00:00,5G,Embb (High Speed),617.7333333333333,244.7086666666667,244.5,7.565333333333333
2026-05-07 18:15:00,3G,Mmtc (Massive Iot),607.8666666666667,152.06066666666666,270.27,7.736666666666667
2026-05-07 18:30:00,3G,Standard Data,736.8666666666667,210.4406666666667,99.74,8.08
2026-05-07 18:45:00,2G,Embb (High Speed),701.5333333333333,219.088,162.97,7.692666666666667
2026-05-07 19:00:00,4G,Standard Data,672.6,209.19799999999998,222.3,1.2153333333333334
2026-05-07 19:15:00,5G,Standard Data,928.0714285714286,175.80642857142857,227.67,8.300714285714287
2026-05-07 19:30:00,4G,Urllc (Low Latency),826.2,143.54733333333334,88.24,1.3453333333333333
2026-05-07 19:45:00,4G,Standard Data,860.3333333333334,203.51600000000002,234.82,1.22
2026-05-07 20:00:00,2G,Mmtc (Massive Iot),809.6,194.85733333333334,195.35,1.3153333333333335
2026-05-07 20:15:00,5G,Mmtc (Massive Iot),848.6666666666666,136.802,258.21,14.576
2026-05-07 20:30:00,4G,Standard Data,848.3333333333334,157.8,232.22,7.964666666666667
2026-05-07 20:45:00,5G,Embb (High Speed),886.2666666666667,184.88733333333332,282.82,1.418
2026-05-07 21:00:00,3G,Urllc (Low Latency),838.3333333333334,202.48466666666667,244.8,1.3706666666666665
2026-05-07 21:15:00,3G,Mmtc (Massive Iot),747.2666666666667,166.87866666666667,210.32,1.268
2026-05-07 21:30:00,4G,Standard Data,876.7142857142857,149.95499999999998,286.39,1.1178571428571429
2026-05-07 21:45:00,3G,Urllc (Low Latency),917.1333333333333,214.722,296.82,7.940666666666668
2026-05-07 22:00:00,4G,Embb (High Speed),757.4,136.68133333333333,210.38,7.4573333333333345
2026-05-07 22:15:00,4G,Standard Data,885.8,240.9813333333333,185.61,7.871333333333334
2026-05-07 22:30:00,4G,Mmtc (Massive Iot),685.2,279.5926666666666,166.03,1.3113333333333335
2026-05-07 22:45:00,3G,Urllc (Low Latency),837.2,159.30666666666667,221.95,1.1506666666666667
2026-05-07 23:00:00,4G,Urllc (Low Latency),807.6666666666666,122.30533333333332,258.58,1.2386666666666668
2026-05-07 23:15:00,5G,Urllc (Low Latency),953.2,220.444,296.9,7.898666666666667
2026-05-07 23:30:00,4G,Embb (High Speed),740.4285714285714,174.31428571428572,216.02,1.3357142857142856
2026-05-07 23:45:00,4G,Mmtc (Massive Iot),804.7333333333333,194.35866666666666,95.48,1.3833333333333333
2026-06-07 00:00:00,4G,Mmtc (Massive Iot),787.6666666666666,315.928,89.66,1.24
2026-06-07 00:15:00,4G,Standard Data,718.9333333333333,256.588,230.04,1.3326666666666667
2026-06-07 00:30:00,5G,Embb (High Speed),752.5333333333333,203.03733333333332,159.91,1.1380000000000001
2026-06-07 00:45:00,4G,Embb (High Speed),676.1333333333333,246.62933333333334,85.13,14.173333333333336
2026-06-07 01:00:00,3G,Standard Data,829.9333333333333,199.02066666666667,91.38,1.014
2026-06-07 01:15:00,5G,Embb (High Speed),623.4,255.81933333333333,260.13,7.67
2026-06-07 01:30:00,4G,Standard Data,649.6,193.756,221.95,7.756666666666667
2026-06-07 01:45:00,3G,Mmtc (Massive Iot),863.7142857142857,211.17142857142858,257.18,1.6385714285714286
2026-06-07 02:00:00,4G,Mmtc (Massive Iot),794.4,131.70999999999998,281.09,7.521333333333334
2026-06-07 02:15:00,2G,Embb (High Speed),730.2666666666667,203.44733333333335,231.23,1.3466666666666667
2026-06-07 02:30:00,3G,Urllc (Low Latency),912.3333333333334,206.814,182.42,1.4713333333333334
2026-06-07 02:45:00,4G,Standard Data,840.0666666666667,139.53333333333333,259.95,1.3780000000000001
2026-06-07 03:00:00,4G,Embb (High Speed),575.0,206.62933333333334,199.61,1.192
2026-06-07 03:15:00,4G,Embb (High Speed),774.6666666666666,147.14933333333332,152.75,7.675333333333333
2026-06-07 03:30:00,4G,Urllc (Low Latency),702.4666666666667,222.506,73.76,1.2326666666666668
2026-06-07 03:45:00,4G,Embb (High Speed),761.2142857142857,63.332142857142856,236.66,1.1442857142857144
2026-06-07 04:00:00,3G,Embb (High Speed),620.1333333333333,163.41933333333333,265.9,1.3213333333333332
2026-06-07 04:15:00,3G,Mmtc (Massive Iot),585.1333333333333,98.64200000000001,196.54,1.2693333333333332
2026-06-07 04:30:00,4G,Urllc (Low Latency),665.6666666666666,88.12466666666666,175.94,1.252
2026-06-07 04:45:00,3G,Embb (High Speed),713.6,90.10066666666667,168.79,1.3479999999999999
2026-06-07 05:00:00,2G,Embb (High Speed),799.8,168.58466666666666,238.08,7.6433333333333335
2026-06-07 05:15:00,4G,Urllc (Low Latency),842.4666666666667,127.30666666666667,69.58,7.882000000000001
2026-06-07 05:30:00,2G,Urllc (Low Latency),853.0,153.592,162.74,7.9193333333333324
2026-06-07 05:45:00,4G,Embb (High Speed),719.2857142857143,207.15714285714287,221.93,8.447857142857142
2026-06-07 06:00:00,4G,Urllc (Low Latency),783.6666666666666,238.66,255.85,7.865333333333334
2026-06-07 06:15:00,5G,Mmtc (Massive Iot),842.4,179.772,299.66,1.38
2026-06-07 06:30:00,2G,Urllc (Low Latency),744.2,136.97933333333333,253.19,1.3326666666666669
2026-06-07 06:45:00,2G,Mmtc (Massive Iot),677.2666666666667,321.1646666666667,230.35,7.8660000000000005
2026-06-07 07:00:00,5G,Mmtc (Massive Iot),874.2,231.54266666666666,261.08,14.346000000000002
2026-06-07 07:15:00,3G,Mmtc (Massive Iot),753.8,216.13866666666667,279.79,1.2633333333333332
2026-06-07 07:30:00,3G,Standard Data,741.4666666666667,267.276,230.47,1.1933333333333331
2026-06-07 07:45:00,4G,Mmtc (Massive Iot),888.5333333333333,161.49866666666668,87.87,0.9666666666666667
2026-06-07 08:00:00,5G,Standard Data,588.5,119.41285714285713,66.74,8.670714285714286
2026-06-07 08:15:00,4G,Urllc (Low Latency),647.4,59.48733333333333,286.33,7.790000000000001
2026-06-07 08:30:00,4G,Mmtc (Massive Iot),915.1333333333333,237.55466666666663,280.9,7.908666666666666
2026-06-07 08:45:00,4G,Standard Data,809.4,176.174,176.19,7.916
2026-06-07 09:00:00,2G,Mmtc (Massive Iot),674.6,169.51733333333334,265.35,14.110666666666667
2026-06-07 09:15:00,5G,Embb (High Speed),941.3333333333334,194.88133333333332,241.95,1.436
2026-06-07 09:30:00,5G,Embb (High Speed),807.5333333333333,171.63933333333333,297.98,14.48
2026-06-07 09:45:00,5G,Standard Data,594.6,154.41133333333335,293.39,1.3513333333333333
2026-06-07 10:00:00,2G,Embb (High Speed),703.4285714285714,166.05642857142857,156.35,8.330714285714286
2026-06-07 10:15:00,4G,Mmtc (Massive Iot),692.4666666666667,192.632,245.38,1.4706666666666666
2026-06-07 10:30:00,3G,Embb (High Speed),590.6666666666666,230.46066666666667,246.4,7.881333333333333
2026-06-07 10:45:00,2G,Urllc (Low Latency),786.0666666666667,226.976,275.14,1.28
2026-06-07 11:00:00,3G,Mmtc (Massive Iot),704.8666666666667,182.97,218.6,0.9413333333333334
2026-06-07 11:15:00,4G,Embb (High Speed),711.8,200.62466666666666,93.31,7.849333333333334
2026-06-07 11:30:00,4G,Mmtc (Massive Iot),942.7333333333333,114.17066666666666,274.55,1.3399999999999999
2026-06-07 11:45:00,4G,Urllc (Low Latency),773.8666666666667,113.48333333333333,179.54,7.648666666666667
2026-06-07 12:00:00,3G,Urllc (Low Latency),634.6666666666666,128.282,286.03,1.1653333333333333
2026-06-07 12:15:00,5G,Standard Data,769.7142857142857,134.38785714285714,166.18,1.3285714285714287
2026-06-07 12:30:00,4G,Urllc (Low Latency),726.8666666666667,158.24733333333333,79.6,1.2573333333333332
2026-06-07 12:45:00,4G,Mmtc (Massive Iot),728.5333333333333,111.514,240.03,1.4840000000000002
2026-06-07 13:00:00,3G,Embb (High Speed),784.8666666666667,368.4166666666667,229.58,1.4146666666666665
2026-06-07 13:15:00,4G,Standard Data,716.4666666666667,120.67533333333334,91.85,1.546
2026-06-07 13:30:00,5G,Urllc (Low Latency),647.5333333333333,240.92933333333335,281.73,1.0686666666666667
2026-06-07 13:45:00,3G,Standard Data,585.5333333333333,152.07333333333332,247.32,1.054
2026-06-07 14:00:00,5G,Embb (High Speed),869.2666666666667,279.09066666666666,80.19,14.336666666666668
2026-06-07 14:15:00,4G,Embb (High Speed),764.4285714285714,150.42285714285714,211.05,1.1300000000000001
2026-06-07 14:30:00,5G,Mmtc (Massive Iot),806.1333333333333,126.508,271.42,14.163333333333334
2026-06-07 14:45:00,5G,Embb (High Speed),737.5333333333333,242.56199999999998,297.65,1.3986666666666667
2026-06-07 15:00:00,4G,Standard Data,810.2,173.27066666666667,277.45,1.4346666666666665
2026-06-07 15:15:00,3G,Urllc (Low Latency),629.4666666666667,190.9006666666667,298.77,21.08066666666667
2026-06-07 15:30:00,4G,Urllc (Low Latency),863.2666666666667,104.78,74.99,1.0566666666666666
2026-06-07 15:45:00,3G,Urllc (Low Latency),818.8,301.2706666666666,276.01,1.28
2026-06-07 16:00:00,2G,Mmtc (Massive Iot),747.6,244.63933333333335,286.03,7.606666666666667
2026-06-07 16:15:00,4G,Urllc (Low Latency),685.1428571428571,131.0857142857143,74.76,8.34142857142857
2026-06-07 16:30:00,2G,Mmtc (Massive Iot),615.0666666666667,178.40933333333334,245.35,1.4400000000000002
2026-06-07 16:45:00,3G,Standard Data,688.4666666666667,285.772,225.06,1.4633333333333334
2026-06-07 17:00:00,3G,Standard Data,599.2,85.93466666666667,197.93,0.8059999999999999
2026-06-07 17:15:00,5G,Standard Data,920.2666666666667,183.09066666666666,256.18,7.8020000000000005
2026-06-07 17:30:00,3G,Mmtc (Massive Iot),653.7333333333333,156.11133333333333,171.01,0.9113333333333333
2026-06-07 17:45:00,3G,Urllc (Low Latency),751.5333333333333,140.21,298.16,1.4306666666666668
2026-06-07 18:00:00,4G,Urllc (Low Latency),719.7333333333333,193.23999999999998,220.61,1.024
2026-06-07 18:15:00,3G,Mmtc (Massive Iot),633.9333333333333,210.2313333333333,249.13,7.797333333333333
2026-06-07 18:30:00,4G,Mmtc (Massive Iot),753.3571428571429,225.98142857142855,224.64,1.2757142857142856
2026-06-07 18:45:00,5G,Urllc (Low Latency),782.0666666666667,174.09333333333333,260.47,1.6226666666666667
2026-06-07 19:00:00,4G,Standard Data,858.4,201.99266666666665,289.9,0.9886666666666667
2026-06-07 19:15:00,4G,Urllc (Low Latency),868.2,283.14599999999996,174.5,14.433333333333335
2026-06-07 19:30:00,2G,Standard Data,915.4666666666667,167.40133333333333,264.51,7.6273333333333335
2026-06-07 19:45:00,4G,Embb (High Speed),712.6666666666666,198.25266666666667,288.99,1.1906666666666665
2026-06-07 20:00:00,5G,Urllc (Low Latency),978.0,348.862,192.81,7.823333333333334
2026-06-07 20:15:00,4G,Urllc (Low Latency),781.8,137.40466666666669,169.06,1.1640000000000001
2026-06-07 20:30:00,4G,Urllc (Low Latency),1005.5714285714286,159.21928571428572,99.78,0.8678571428571429
2026-06-07 20:45:00,4G,Embb (High Speed),808.8,192.16866666666664,157.87,0.8093333333333333
2026-06-07 21:00:00,5G,Standard Data,869.5333333333333,240.91266666666667,258.45,7.841333333333334
2026-06-07 21:15:00,4G,Urllc (Low Latency),814.0666666666667,165.2686666666667,151.73,14.524666666666667
2026-06-07 21:30:00,2G,Standard Data,784.7333333333333,110.32933333333334,287.83,1.4453333333333334
2026-06-07 21:45:00,4G,Embb (High Speed),877.6,133.21266666666668,90.66,1.3299999999999998
2026-06-07 22:00:00,4G,Urllc (Low Latency),878.7333333333333,217.48,80.97,7.686666666666667
2026-06-07 22:15:00,4G,Mmtc (Massive Iot),727.8,137.72733333333332,292.73,1.2313333333333334
2026-06-07 22:30:00,5G,Standard Data,1061.6,324.65,297.75,7.926666666666667
2026-06-07 22:45:00,3G,Embb (High Speed),923.3571428571429,118.11,213.14,1.145
2026-06-07 23:00:00,5G,Standard Data,747.1333333333333,115.18533333333333,193.83,7.952666666666667
2026-06-07 23:15:00,5G,Embb (High Speed),733.0666666666667,143.81866666666664,259.81,7.880666666666667
2026-06-07 23:30:00,5G,Urllc (Low Latency),884.3333333333334,204.40133333333333,270.04,14.562666666666669
2026-06-07 23:45:00,4G,Urllc (Low Latency),636.4,326.1313333333334,94.68,14.281333333333334
2026-07-07 00:00:00,4G,Urllc (Low Latency),829.9333333333333,151.91199999999998,277.22,1.3833333333333333
2026-07-07 00:15:00,5G,Embb (High Speed),744.7333333333333,258.45533333333333,295.1,0.9526666666666668
2026-07-07 00:30:00,5G,Urllc (Low Latency),734.0666666666667,271.4293333333333,84.45,1.254
2026-07-07 00:45:00,2G,Mmtc (Massive Iot),565.2857142857143,164.37428571428572,219.7,1.4492857142857143
2026-07-07 01:00:00,3G,Urllc (Low Latency),769.4666666666667,194.30133333333333,286.46,1.5386666666666666
2026-07-07 01:15:00,4G,Standard Data,796.7333333333333,103.096,207.89,1.3053333333333335
2026-07-07 01:30:00,4G,Urllc (Low Latency),816.6,191.08599999999998,295.96,1.1453333333333333
2026-07-07 01:45:00,3G,Urllc (Low Latency),729.7333333333333,116.074,196.78,1.3453333333333333
2026-07-07 02:00:00,4G,Urllc (Low Latency),721.6666666666666,208.10866666666666,276.92,1.276
2026-07-07 02:15:00,5G,Mmtc (Massive Iot),704.9333333333333,259.97533333333337,235.34,7.833333333333333
2026-07-07 02:30:00,5G,Embb (High Speed),722.2,223.76733333333334,86.06,1.3333333333333333
2026-07-07 02:45:00,4G,Standard Data,790.6428571428571,34.24,257.3,1.3207142857142855
2026-07-07 03:00:00,4G,Standard Data,654.2666666666667,181.31666666666666,285.94,1.4280000000000002
2026-07-07 03:15:00,5G,Embb (High Speed),806.6,286.1933333333333,95.59,1.476
2026-07-07 03:30:00,3G,Mmtc (Massive Iot),903.6666666666666,255.83,224.99,1.2073333333333334
2026-07-07 03:45:00,4G,Standard Data,757.7333333333333,151.93733333333333,222.65,7.819999999999999
2026-07-07 04:00:00,3G,Embb (High Speed),592.2,212.38000000000002,219.97,1.2839999999999998
2026-07-07 04:15:00,4G,Embb (High Speed),614.4,211.83466666666666,263.79,7.784000000000001
2026-07-07 04:30:00,4G,Embb (High Speed),741.8666666666667,212.37,267.96,8.155333333333333
2026-07-07 04:45:00,3G,Urllc (Low Latency),749.1333333333333,100.94733333333333,278.12,1.1686666666666667
2026-07-07 05:00:00,5G,Urllc (Low Latency),662.6428571428571,167.33714285714288,265.19,8.507142857142856
2026-07-07 05:15:00,5G,Mmtc (Massive Iot),751.4666666666667,190.13333333333333,259.48,1.1033333333333333
2026-07-07 05:30:00,5G,Mmtc (Massive Iot),754.2666666666667,332.7793333333333,69.07,1.0353333333333332
2026-07-07 05:45:00,2G,Embb (High Speed),685.2,76.988,266.85,7.744666666666666
2026-07-07 06:00:00,5G,Standard Data,777.1333333333333,193.43866666666665,206.07,1.228
2026-07-07 06:15:00,4G,Urllc (Low Latency),591.2,256.476,168.52,1.38
2026-07-07 06:30:00,5G,Embb (High Speed),791.6,137.072,260.27,7.566666666666667
2026-07-07 06:45:00,4G,Embb (High Speed),751.8,194.53866666666667,261.68,7.961333333333333
2026-07-07 07:00:00,4G,Embb (High Speed),630.2857142857143,213.21928571428572,83.56,8.425
2026-07-07 07:15:00,4G,Embb (High Speed),736.0666666666667,91.32,256.35,1.5053333333333332
2026-07-07 07:30:00,2G,Mmtc (Massive Iot),660.0,169.16466666666665,241.68,1.1946666666666668
2026-07-07 07:45:00,5G,Mmtc (Massive Iot),934.8666666666667,268.84933333333333,246.3,7.608666666666667
2026-07-07 08:00:00,5G,Embb (High Speed),780.4,319.46,275.68,1.3966666666666667
2026-07-07 08:15:00,4G,Embb (High Speed),906.2,291.692,180.74,1.0093333333333334
2026-07-07 08:30:00,5G,Embb (High Speed),719.8666666666667,170.864,191.91,1.0566666666666666
2026-07-07 08:45:00,5G,Standard Data,866.6,279.73266666666666,185.53,7.945333333333334
2026-07-07 09:00:00,3G,Urllc (Low Latency),842.5333333333333,262.24066666666664,79.6,7.870666666666667
2026-07-07 09:15:00,5G,Mmtc (Massive Iot),725.5714285714286,256.6357142857143,96.99,8.440714285714286
2026-07-07 09:30:00,4G,Embb (High Speed),720.8666666666667,187.442,84.47,1.1973333333333334
2026-07-07 09:45:00,3G,Standard Data,578.6,305.12466666666666,98.52,7.885333333333334
2026-07-07 10:00:00,3G,Embb (High Speed),530.7333333333333,78.29666666666667,285.41,1.1986666666666668
2026-07-07 10:15:00,3G,Embb (High Speed),893.2666666666667,408.908,298.61,7.796
2026-07-07 10:30:00,5G,Standard Data,897.4666666666667,225.67999999999998,207.3,1.3346666666666667
2026-07-07 10:45:00,2G,Standard Data,982.0666666666667,148.19933333333336,292.09,1.3226666666666667
2026-07-07 11:00:00,5G,Standard Data,613.8,224.14933333333335,293.42,7.634666666666667
2026-07-07 11:15:00,4G,Standard Data,587.8571428571429,167.54928571428573,154.75,8.430714285714286
2026-07-07 11:30:00,3G,Standard Data,761.8666666666667,114.65799999999999,293.64,1.4520000000000002
2026-07-07 11:45:00,4G,Embb (High Speed),673.9333333333333,178.11133333333333,291.52,7.85
2026-07-07 12:00:00,4G,Standard Data,813.2666666666667,216.74333333333334,180.41,1.3486666666666667
2026-07-07 12:15:00,4G,Standard Data,753.8,164.5413333333333,185.44,14.474
2026-07-07 12:30:00,5G,Standard Data,539.8,261.836,57.93,1.0433333333333334
2026-07-07 12:45:00,5G,Standard Data,688.8666666666667,334.71799999999996,265.24,1.2973333333333334
2026-07-07 13:00:00,5G,Embb (High Speed),710.8,205.90133333333333,155.79,1.272
2026-07-07 13:15:00,5G,Mmtc (Massive Iot),713.6428571428571,210.08571428571432,279.16,1.5264285714285712
2026-07-07 13:30:00,3G,Standard Data,908.1333333333333,169.266,266.58,7.725333333333334
2026-07-07 13:45:00,5G,Standard Data,1033.7333333333333,179.45333333333335,276.34,1.4566666666666668
2026-07-07 14:00:00,4G,Embb (High Speed),908.4666666666667,83.35733333333333,254.03,1.6986666666666668
2026-07-07 14:15:00,5G,Urllc (Low Latency),981.4666666666667,235.926,77.45,1.1853333333333333
2026-07-07 14:30:00,4G,Mmtc (Massive Iot),738.0,219.62666666666667,286.71,1.5859999999999999
2026-07-07 14:45:00,4G,Embb (High Speed),814.5333333333333,254.864,261.04,1.1733333333333333
2026-07-07 15:00:00,5G,Embb (High Speed),758.6,272.06266666666664,74.08,1.1260000000000001
2026-07-07 15:15:00,3G,Embb (High Speed),770.1333333333333,63.83533333333334,279.31,1.4913333333333334
2026-07-07 15:30:00,4G,Mmtc (Massive Iot),842.0,103.81214285714285,257.19,1.1607142857142858
2026-07-07 15:45:00,3G,Standard Data,1047.4666666666667,142.19799999999998,238.48,8.077333333333334
2026-07-07 16:00:00,2G,Urllc (Low Latency),920.0666666666667,172.05733333333333,221.53,7.671333333333333
2026-07-07 16:15:00,4G,Standard Data,859.2666666666667,153.288,177.04,1.1526666666666665
2026-07-07 16:30:00,4G,Mmtc (Massive Iot),693.4,225.41933333333333,250.31,7.995333333333334
2026-07-07 16:45:00,5G,Urllc (Low Latency),734.8666666666667,180.7133333333333,266.56,7.914666666666666
2026-07-07 17:00:00,5G,Mmtc (Massive Iot),778.0,207.66533333333334,99.23,7.587999999999999
2026-07-07 17:15:00,4G,Mmtc (Massive Iot),659.5333333333333,220.83133333333336,226.48,7.642666666666667
2026-07-07 17:30:00,5G,Embb (High Speed),794.5,301.3757142857143,157.36,8.553571428571429
2026-07-07 17:45:00,2G,Standard Data,866.6,61.43066666666667,254.13,7.885333333333334
2026-07-07 18:00:00,3G,Standard Data,665.6,114.96933333333332,93.12,7.919333333333333
2026-07-07 18:15:00,4G,Embb (High Speed),875.7333333333333,213.426,299.47,1.0553333333333332
2026-07-07 18:30:00,3G,Mmtc (Massive Iot),691.6666666666666,115.55733333333335,282.22,1.0266666666666666
2026-07-07 18:45:00,4G,Urllc (Low Latency),898.3333333333334,286.98199999999997,94.38,1.082
2026-07-07 19:00:00,5G,Standard Data,750.0,171.34799999999998,194.77,8.218
2026-07-07 19:15:00,3G,Mmtc (Massive Iot),756.5333333333333,326.622,87.02,14.401333333333334
2026-07-07 19:30:00,5G,Embb (High Speed),731.6666666666666,190.54866666666666,265.66,7.7826666666666675
2026-07-07 19:45:00,2G,Embb (High Speed),668.8571428571429,202.05142857142854,291.05,0.8578571428571429
2026-07-07 20:00:00,5G,Embb (High Speed),808.4,318.2,88.25,1.4246666666666667
2026-07-07 20:15:00,5G,Standard Data,623.8,196.70933333333332,254.97,1.3566666666666667
2026-07-07 20:30:00,2G,Urllc (Low Latency),681.9333333333333,188.56133333333335,272.39,7.688666666666667
2026-07-07 20:45:00,4G,Mmtc (Massive Iot),734.8,179.68800000000002,58.94,1.5073333333333332
2026-07-07 21:00:00,4G,Mmtc (Massive Iot),711.0,240.97466666666665,297.08,7.776666666666667
2026-07-07 21:15:00,3G,Embb (High Speed),955.4666666666667,345.3653333333333,84.51,1.168
2026-07-07 21:30:00,2G,Urllc (Low Latency),755.8,202.56733333333335,232.66,1.1146666666666667
2026-07-07 21:45:00,3G,Urllc (Low Latency),995.0,106.76357142857141,162.76,1.0792857142857144
2026-07-07 22:00:00,4G,Mmtc (Massive Iot),812.8666666666667,296.69466666666665,268.61,8.029333333333334
2026-07-07 22:15:00,5G,Urllc (Low Latency),744.0666666666667,167.64066666666668,265.7,1.1013333333333333
2026-07-07 22:30:00,5G,Mmtc (Massive Iot),639.8666666666667,142.74866666666668,250.96,1.3593333333333333
2026-07-07 22:45:00,4G,Standard Data,792.9333333333333,226.91066666666666,179.52,1.2513333333333334
2026-07-07 23:00:00,2G,Mmtc (Massive Iot),681.9333333333333,61.816,234.57,7.926
2026-07-07 23:15:00,5G,Urllc (Low Latency),697.9333333333333,164.68933333333334,239.94,7.669333333333333
2026-07-07 23:30:00,5G,Embb (High Speed),853.9333333333333,195.21200000000002,256.38,1.2193333333333334
2026-07-07 23:45:00,4G,Urllc (Low Latency),755.5714285714286,232.67785714285714,256.56,1.3885714285714286
